<?xml version="1.0" encoding="iso-8859-1"?>
<pnml>
<net id="Net-One" type="P/T net">
<labels x="333" y="20" width="104" height="36" border="true">
<text>Producent - konzument</text>
</labels>
<place id="P0">
<graphics>
<position x="165.0" y="90.0"/>
</graphics>
<name>
<value>P1</value>
<graphics>
<offset x="0.0" y="0.0"/>
</graphics>
</name>
<initialMarking>
<value>1</value>
<graphics>
<offset x="0.0" y="0.0"/>
</graphics>
</initialMarking>
<capacity>
<value>0</value>
</capacity>
</place>
<place id="P1">
<graphics>
<position x="165.0" y="240.0"/>
</graphics>
<name>
<value>producent</value>
<graphics>
<offset x="0.0" y="0.0"/>
</graphics>
</name>
<initialMarking>
<value>0</value>
<graphics>
<offset x="0.0" y="0.0"/>
</graphics>
</initialMarking>
<capacity>
<value>0</value>
</capacity>
</place>
<place id="P2">
<graphics>
<position x="360.0" y="165.0"/>
</graphics>
<name>
<value>naplnen�</value>
<graphics>
<offset x="0.0" y="0.0"/>
</graphics>
</name>
<initialMarking>
<value>0</value>
<graphics>
<offset x="0.0" y="0.0"/>
</graphics>
</initialMarking>
<capacity>
<value>0</value>
</capacity>
</place>
<place id="P3">
<graphics>
<position x="450.0" y="90.0"/>
</graphics>
<name>
<value>Q1</value>
<graphics>
<offset x="0.0" y="0.0"/>
</graphics>
</name>
<initialMarking>
<value>1</value>
<graphics>
<offset x="0.0" y="0.0"/>
</graphics>
</initialMarking>
<capacity>
<value>0</value>
</capacity>
</place>
<place id="P4">
<graphics>
<position x="450.0" y="240.0"/>
</graphics>
<name>
<value>konzument</value>
<graphics>
<offset x="0.0" y="0.0"/>
</graphics>
</name>
<initialMarking>
<value>0</value>
<graphics>
<offset x="0.0" y="0.0"/>
</graphics>
</initialMarking>
<capacity>
<value>0</value>
</capacity>
</place>
<place id="P5">
<graphics>
<position x="450.0" y="420.0"/>
</graphics>
<name>
<value>Q2</value>
<graphics>
<offset x="-5.0" y="35.0"/>
</graphics>
</name>
<initialMarking>
<value>0</value>
<graphics>
<offset x="0.0" y="0.0"/>
</graphics>
</initialMarking>
<capacity>
<value>0</value>
</capacity>
</place>
<place id="P6">
<graphics>
<position x="165.0" y="420.0"/>
</graphics>
<name>
<value>P2</value>
<graphics>
<offset x="-5.0" y="35.0"/>
</graphics>
</name>
<initialMarking>
<value>0</value>
<graphics>
<offset x="0.0" y="0.0"/>
</graphics>
</initialMarking>
<capacity>
<value>0</value>
</capacity>
</place>
<place id="P7">
<graphics>
<position x="240.0" y="165.0"/>
</graphics>
<name>
<value>pr�zdne</value>
<graphics>
<offset x="-5.0" y="35.0"/>
</graphics>
</name>
<initialMarking>
<value>3</value>
<graphics>
<offset x="0.0" y="0.0"/>
</graphics>
</initialMarking>
<capacity>
<value>0</value>
</capacity>
</place>
<transition id="T0">
<graphics>
<position x="165.0" y="165.0"/>
</graphics>
<name>
<value>T0</value>
<graphics>
<offset x="0.0" y="0.0"/>
</graphics>
</name>
<orientation>
<value>90</value>
</orientation>
<rate>
<value>1.0</value>
</rate>
<timed>
<value>false</value>
</timed>
<infiniteServer>
<value>false</value>
</infiniteServer>
<priority>
<value>1</value>
</priority>
</transition>
<transition id="T1">
<graphics>
<position x="165.0" y="330.0"/>
</graphics>
<name>
<value>T1</value>
<graphics>
<offset x="0.0" y="0.0"/>
</graphics>
</name>
<orientation>
<value>90</value>
</orientation>
<rate>
<value>1.0</value>
</rate>
<timed>
<value>false</value>
</timed>
<infiniteServer>
<value>false</value>
</infiniteServer>
<priority>
<value>1</value>
</priority>
</transition>
<transition id="T2">
<graphics>
<position x="450.0" y="165.0"/>
</graphics>
<name>
<value>T3</value>
<graphics>
<offset x="0.0" y="0.0"/>
</graphics>
</name>
<orientation>
<value>90</value>
</orientation>
<rate>
<value>1.0</value>
</rate>
<timed>
<value>false</value>
</timed>
<infiniteServer>
<value>false</value>
</infiniteServer>
<priority>
<value>1</value>
</priority>
</transition>
<transition id="T3">
<graphics>
<position x="450.0" y="330.0"/>
</graphics>
<name>
<value>T4</value>
<graphics>
<offset x="0.0" y="0.0"/>
</graphics>
</name>
<orientation>
<value>90</value>
</orientation>
<rate>
<value>1.0</value>
</rate>
<timed>
<value>false</value>
</timed>
<infiniteServer>
<value>false</value>
</infiniteServer>
<priority>
<value>1</value>
</priority>
</transition>
<transition id="T4">
<graphics>
<position x="555.0" y="240.0"/>
</graphics>
<name>
<value>T5</value>
<graphics>
<offset x="-5.0" y="35.0"/>
</graphics>
</name>
<orientation>
<value>90</value>
</orientation>
<rate>
<value>1.0</value>
</rate>
<timed>
<value>false</value>
</timed>
<infiniteServer>
<value>false</value>
</infiniteServer>
<priority>
<value>1</value>
</priority>
</transition>
<transition id="T5">
<graphics>
<position x="75.0" y="240.0"/>
</graphics>
<name>
<value>T2</value>
<graphics>
<offset x="-5.0" y="35.0"/>
</graphics>
</name>
<orientation>
<value>90</value>
</orientation>
<rate>
<value>1.0</value>
</rate>
<timed>
<value>false</value>
</timed>
<infiniteServer>
<value>false</value>
</infiniteServer>
<priority>
<value>1</value>
</priority>
</transition>
<arc id="P0 to T0" source="P0" target="T0">
<graphics/>
<inscription>
<value>1</value>
<graphics/>
</inscription>
<tagged>
<value>false</value>
</tagged>
<arcpath id="000" x="176" y="116" curvePoint="false"/>
<arcpath id="001" x="176" y="171" curvePoint="false"/>
<type value="normal"/>
</arc>
<arc id="P1 to T1" source="P1" target="T1">
<graphics/>
<inscription>
<value>1</value>
<graphics/>
</inscription>
<tagged>
<value>false</value>
</tagged>
<arcpath id="000" x="175" y="266" curvePoint="false"/>
<arcpath id="001" x="171" y="336" curvePoint="false"/>
<type value="normal"/>
</arc>
<arc id="P2 to T2" source="P2" target="T2">
<graphics/>
<inscription>
<value>1</value>
<graphics/>
</inscription>
<tagged>
<value>false</value>
</tagged>
<arcpath id="000" x="386" y="177" curvePoint="false"/>
<arcpath id="001" x="446" y="177" curvePoint="false"/>
<type value="normal"/>
</arc>
<arc id="P3 to T2" source="P3" target="T2">
<graphics/>
<inscription>
<value>1</value>
<graphics/>
</inscription>
<tagged>
<value>false</value>
</tagged>
<arcpath id="000" x="461" y="116" curvePoint="false"/>
<arcpath id="001" x="461" y="171" curvePoint="false"/>
<type value="normal"/>
</arc>
<arc id="P4 to T3" source="P4" target="T3">
<graphics/>
<inscription>
<value>1</value>
<graphics/>
</inscription>
<tagged>
<value>false</value>
</tagged>
<arcpath id="000" x="461" y="266" curvePoint="false"/>
<arcpath id="001" x="466" y="337" curvePoint="false"/>
<type value="normal"/>
</arc>
<arc id="P5 to T4" source="P5" target="T4">
<graphics/>
<inscription>
<value>1</value>
<graphics/>
</inscription>
<tagged>
<value>false</value>
</tagged>
<arcpath id="000" x="469" y="419" curvePoint="false"/>
<arcpath id="001" x="566" y="256" curvePoint="false"/>
<type value="normal"/>
</arc>
<arc id="P6 to T5" source="P6" target="T5">
<graphics/>
<inscription>
<value>1</value>
<graphics/>
</inscription>
<tagged>
<value>false</value>
</tagged>
<arcpath id="000" x="170" y="418" curvePoint="false"/>
<arcpath id="001" x="86" y="256" curvePoint="false"/>
<type value="normal"/>
</arc>
<arc id="P7 to T0" source="P7" target="T0">
<graphics/>
<inscription>
<value>1</value>
<graphics/>
</inscription>
<tagged>
<value>false</value>
</tagged>
<arcpath id="000" x="237" y="177" curvePoint="false"/>
<arcpath id="001" x="191" y="177" curvePoint="false"/>
<type value="normal"/>
</arc>
<arc id="T0 to P1" source="T0" target="P1">
<graphics/>
<inscription>
<value>1</value>
<graphics/>
</inscription>
<tagged>
<value>false</value>
</tagged>
<arcpath id="000" x="176" y="181" curvePoint="false"/>
<arcpath id="001" x="176" y="237" curvePoint="false"/>
<type value="normal"/>
</arc>
<arc id="T1 to P2" source="T1" target="P2">
<graphics/>
<inscription>
<value>1</value>
<graphics/>
</inscription>
<tagged>
<value>false</value>
</tagged>
<arcpath id="000" x="181" y="337" curvePoint="false"/>
<arcpath id="001" x="360" y="186" curvePoint="false"/>
<type value="normal"/>
</arc>
<arc id="T1 to P6" source="T1" target="P6">
<graphics/>
<inscription>
<value>1</value>
<graphics/>
</inscription>
<tagged>
<value>false</value>
</tagged>
<arcpath id="000" x="176" y="346" curvePoint="false"/>
<arcpath id="001" x="176" y="417" curvePoint="false"/>
<type value="normal"/>
</arc>
<arc id="T2 to P4" source="T2" target="P4">
<graphics/>
<inscription>
<value>1</value>
<graphics/>
</inscription>
<tagged>
<value>false</value>
</tagged>
<arcpath id="000" x="461" y="181" curvePoint="false"/>
<arcpath id="001" x="461" y="237" curvePoint="false"/>
<type value="normal"/>
</arc>
<arc id="T3 to P5" source="T3" target="P5">
<graphics/>
<inscription>
<value>1</value>
<graphics/>
</inscription>
<tagged>
<value>false</value>
</tagged>
<arcpath id="000" x="461" y="346" curvePoint="false"/>
<arcpath id="001" x="461" y="417" curvePoint="false"/>
<type value="normal"/>
</arc>
<arc id="T3 to P7" source="T3" target="P7">
<graphics/>
<inscription>
<value>1</value>
<graphics/>
</inscription>
<tagged>
<value>false</value>
</tagged>
<arcpath id="000" x="456" y="336" curvePoint="false"/>
<arcpath id="001" x="263" y="186" curvePoint="false"/>
<type value="normal"/>
</arc>
<arc id="T4 to P3" source="T4" target="P3">
<graphics/>
<inscription>
<value>1</value>
<graphics/>
</inscription>
<tagged>
<value>false</value>
</tagged>
<arcpath id="000" x="566" y="246" curvePoint="false"/>
<arcpath id="001" x="470" y="114" curvePoint="false"/>
<type value="normal"/>
</arc>
<arc id="T5 to P0" source="T5" target="P0">
<graphics/>
<inscription>
<value>1</value>
<graphics/>
</inscription>
<tagged>
<value>false</value>
</tagged>
<arcpath id="000" x="86" y="246" curvePoint="false"/>
<arcpath id="001" x="169" y="114" curvePoint="false"/>
<type value="normal"/>
</arc>
</net>
</pnml>
