<?xml version="1.0" encoding="iso-8859-1"?>
<pnml>
<net id="Net-One" type="P/T net">
<token id="Default" enabled="true" red="0" green="0" blue="0"/>
<token id="Readers" enabled="true" red="255" green="0" blue="0"/>
<token id="Writers" enabled="true" red="0" green="0" blue="255"/>
<place id="Accessing">
<graphics>
<position x="255.0" y="390.0"/>
</graphics>
<name>
<value>Accessing</value>
<graphics>
<offset x="-5.0" y="35.0"/>
</graphics>
</name>
<initialMarking>
<value>Default,0,Writers,0,Readers,0</value>
<graphics>
<offset x="0.0" y="0.0"/>
</graphics>
</initialMarking>
<capacity>
<value>0</value>
</capacity>
</place>
<place id="Resource">
<graphics>
<position x="390.0" y="390.0"/>
</graphics>
<name>
<value>Resource</value>
<graphics>
<offset x="53.0" y="-9.0"/>
</graphics>
</name>
<initialMarking>
<value>Default,3,Readers,0,Writers,0</value>
<graphics>
<offset x="0.0" y="0.0"/>
</graphics>
</initialMarking>
<capacity>
<value>0</value>
</capacity>
</place>
<place id="Waiting for access">
<graphics>
<position x="255.0" y="210.0"/>
</graphics>
<name>
<value>Waiting for access</value>
<graphics>
<offset x="71.0" y="-8.0"/>
</graphics>
</name>
<initialMarking>
<value>Default,0,Writers,2,Readers,3</value>
<graphics>
<offset x="0.0" y="0.0"/>
</graphics>
</initialMarking>
<capacity>
<value>0</value>
</capacity>
</place>
<transition id="T3">
<graphics>
<position x="225.0" y="300.0"/>
</graphics>
<name>
<value>T3</value>
<graphics>
<offset x="-6.0" y="22.0"/>
</graphics>
</name>
<orientation>
<value>0</value>
</orientation>
<rate>
<value>1.0</value>
</rate>
<timed>
<value>false</value>
</timed>
<infiniteServer>
<value>false</value>
</infiniteServer>
<priority>
<value>1</value>
</priority>
</transition>
<transition id="T4">
<graphics>
<position x="285.0" y="300.0"/>
</graphics>
<name>
<value>T4</value>
<graphics>
<offset x="6.0" y="22.0"/>
</graphics>
</name>
<orientation>
<value>0</value>
</orientation>
<rate>
<value>1.0</value>
</rate>
<timed>
<value>false</value>
</timed>
<infiniteServer>
<value>false</value>
</infiniteServer>
<priority>
<value>1</value>
</priority>
</transition>
<transition id="T5">
<graphics>
<position x="225.0" y="495.0"/>
</graphics>
<name>
<value>T5</value>
<graphics>
<offset x="-5.0" y="35.0"/>
</graphics>
</name>
<orientation>
<value>0</value>
</orientation>
<rate>
<value>1.0</value>
</rate>
<timed>
<value>false</value>
</timed>
<infiniteServer>
<value>false</value>
</infiniteServer>
<priority>
<value>1</value>
</priority>
</transition>
<transition id="T6">
<graphics>
<position x="285.0" y="495.0"/>
</graphics>
<name>
<value>T6</value>
<graphics>
<offset x="-5.0" y="35.0"/>
</graphics>
</name>
<orientation>
<value>0</value>
</orientation>
<rate>
<value>1.0</value>
</rate>
<timed>
<value>false</value>
</timed>
<infiniteServer>
<value>false</value>
</infiniteServer>
<priority>
<value>1</value>
</priority>
</transition>
<arc id="Reading/Writing to T5" source="Accessing" target="T5">
<graphics/>
<inscription>
<value>Default,0,Readers,1,Writers,0</value>
<graphics/>
</inscription>
<tagged>
<value>false</value>
</tagged>
<arcpath id="000" x="262" y="416" curvePoint="false"/>
<arcpath id="001" x="237" y="492" curvePoint="false"/>
<type value="normal"/>
</arc>
<arc id="Reading/Writing to T6" source="Accessing" target="T6">
<graphics/>
<inscription>
<value>Default,0,Readers,0,Writers,1</value>
<graphics/>
</inscription>
<tagged>
<value>false</value>
</tagged>
<arcpath id="000" x="271" y="416" curvePoint="false"/>
<arcpath id="001" x="297" y="492" curvePoint="false"/>
<type value="normal"/>
</arc>
<arc id="Resource to T3" source="Resource" target="T3">
<graphics/>
<inscription>
<value>Default,1,Readers,0,Writers,0</value>
<graphics/>
</inscription>
<tagged>
<value>false</value>
</tagged>
<arcpath id="000" x="388" y="394" curvePoint="false"/>
<arcpath id="001" x="241" y="312" curvePoint="false"/>
<type value="normal"/>
</arc>
<arc id="Resource to T4" source="Resource" target="T4">
<graphics/>
<inscription>
<value>Default,3,Readers,0,Writers,0</value>
<graphics/>
</inscription>
<tagged>
<value>false</value>
</tagged>
<arcpath id="000" x="390" y="391" curvePoint="false"/>
<arcpath id="001" x="301" y="312" curvePoint="false"/>
<type value="normal"/>
</arc>
<arc id="T3 to Reading/Writing" source="T3" target="Accessing">
<graphics/>
<inscription>
<value>Default,0,Readers,1,Writers,0</value>
<graphics/>
</inscription>
<tagged>
<value>false</value>
</tagged>
<arcpath id="000" x="237" y="327" curvePoint="false"/>
<arcpath id="001" x="261" y="388" curvePoint="false"/>
<type value="normal"/>
</arc>
<arc id="T4 to Reading/Writing" source="T4" target="Accessing">
<graphics/>
<inscription>
<value>Default,0,Readers,0,Writers,1</value>
<graphics/>
</inscription>
<tagged>
<value>false</value>
</tagged>
<arcpath id="000" x="297" y="327" curvePoint="false"/>
<arcpath id="001" x="272" y="388" curvePoint="false"/>
<type value="normal"/>
</arc>
<arc id="T5 to Resource" source="T5" target="Resource">
<graphics/>
<inscription>
<value>Default,1,Readers,0,Writers,0</value>
<graphics/>
</inscription>
<tagged>
<value>false</value>
</tagged>
<arcpath id="000" x="241" y="507" curvePoint="false"/>
<arcpath id="001" x="389" y="410" curvePoint="false"/>
<type value="normal"/>
</arc>
<arc id="T5 to Waiting to Read/Write" source="T5" target="Waiting for access">
<graphics/>
<inscription>
<value>Default,0,Readers,1,Writers,0</value>
<graphics/>
</inscription>
<tagged>
<value>false</value>
</tagged>
<arcpath id="000" x="231" y="507" curvePoint="false"/>
<arcpath id="001" x="104" y="509" curvePoint="false"/>
<arcpath id="002" x="104" y="224" curvePoint="false"/>
<arcpath id="003" x="252" y="222" curvePoint="false"/>
<type value="normal"/>
</arc>
<arc id="T6 to Resource" source="T6" target="Resource">
<graphics/>
<inscription>
<value>Default,3,Readers,0,Writers,0</value>
<graphics/>
</inscription>
<tagged>
<value>false</value>
</tagged>
<arcpath id="000" x="302" y="502" curvePoint="false"/>
<arcpath id="001" x="391" y="412" curvePoint="false"/>
<type value="normal"/>
</arc>
<arc id="T6 to Waiting to Read/Write" source="T6" target="Waiting for access">
<graphics/>
<inscription>
<value>Readers,0,Default,0,Writers,1</value>
<graphics/>
</inscription>
<tagged>
<value>false</value>
</tagged>
<arcpath id="000" x="301" y="512" curvePoint="false"/>
<arcpath id="001" x="478" y="508" curvePoint="false"/>
<arcpath id="002" x="478" y="223" curvePoint="false"/>
<arcpath id="003" x="281" y="222" curvePoint="false"/>
<type value="normal"/>
</arc>
<arc id="Waiting to Read/Write to T3" source="Waiting for access" target="T3">
<graphics/>
<inscription>
<value>Default,0,Readers,1,Writers,0</value>
<graphics/>
</inscription>
<tagged>
<value>false</value>
</tagged>
<arcpath id="000" x="261" y="235" curvePoint="false"/>
<arcpath id="001" x="237" y="297" curvePoint="false"/>
<type value="normal"/>
</arc>
<arc id="Waiting to Read/Write to T4" source="Waiting for access" target="T4">
<graphics/>
<inscription>
<value>Default,0,Readers,0,Writers,1</value>
<graphics/>
</inscription>
<tagged>
<value>false</value>
</tagged>
<arcpath id="000" x="272" y="235" curvePoint="false"/>
<arcpath id="001" x="297" y="297" curvePoint="false"/>
<type value="normal"/>
</arc>
</net>
</pnml>
