<?xml version="1.0" encoding="iso-8859-1"?>
<pnml>
<net id="Net-One" type="P/T net">
<token id="Default" enabled="true" red="0" green="0" blue="0"/>
<place id="P0">
<graphics>
<position x="105.0" y="195.0"/>
</graphics>
<name>
<value>P0</value>
<graphics/>
</name>
<initialMarking>
<value>1</value>
<graphics/>
</initialMarking>
</place>
<place id="P1">
<graphics>
<position x="300.0" y="90.0"/>
</graphics>
<name>
<value>P1</value>
<graphics/>
</name>
<initialMarking>
<value>0</value>
<graphics/>
</initialMarking>
</place>
<place id="P2">
<graphics>
<position x="300.0" y="285.0"/>
</graphics>
<name>
<value>P2</value>
<graphics/>
</name>
<initialMarking>
<value>0</value>
<graphics/>
</initialMarking>
</place>
<transition id="T0">
<graphics>
<position x="195.0" y="150.0"/>
</graphics>
<name>
<value>T0</value>
<graphics/>
</name>
<orientation>
<value>0</value>
</orientation>
<rate>
<value>1.0</value>
</rate>
<timed>
<value>false</value>
</timed>
</transition>
<transition id="T1">
<graphics>
<position x="195.0" y="240.0"/>
</graphics>
<name>
<value>T1</value>
<graphics/>
</name>
<orientation>
<value>0</value>
</orientation>
<rate>
<value>1.0</value>
</rate>
<timed>
<value>false</value>
</timed>
</transition>
<transition id="T2">
<graphics>
<position x="300.0" y="180.0"/>
</graphics>
<name>
<value>T2</value>
<graphics/>
</name>
<orientation>
<value>90</value>
</orientation>
<rate>
<value>3.0</value>
</rate>
<timed>
<value>true</value>
</timed>
</transition>
<transition id="T3">
<graphics>
<position x="195.0" y="60.0"/>
</graphics>
<name>
<value>T3</value>
<graphics/>
</name>
<orientation>
<value>0</value>
</orientation>
<rate>
<value>3.0</value>
</rate>
<timed>
<value>true</value>
</timed>
</transition>
<transition id="T4">
<graphics>
<position x="195.0" y="330.0"/>
</graphics>
<name>
<value>T4</value>
<graphics/>
</name>
<orientation>
<value>0</value>
</orientation>
<rate>
<value>3.0</value>
</rate>
<timed>
<value>true</value>
</timed>
</transition>
<arc id="P0 to T0" source="P0" target="T0">
<graphics/>
<inscription>
<value>1</value>
<graphics/>
</inscription>
<arcpath id="000" x="129" y="199" curvePoint="false"/>
<arcpath id="001" x="200" y="161" curvePoint="false"/>
</arc>
<arc id="P0 to T1" source="P0" target="T1">
<graphics/>
<inscription>
<value>1</value>
<graphics/>
</inscription>
<arcpath id="000" x="129" y="213" curvePoint="false"/>
<arcpath id="001" x="200" y="251" curvePoint="false"/>
</arc>
<arc id="P1 to T3" source="P1" target="T3">
<graphics/>
<inscription>
<value>1</value>
<graphics/>
</inscription>
<arcpath id="000" x="296" y="96" curvePoint="false"/>
<arcpath id="001" x="210" y="71" curvePoint="false"/>
</arc>
<arc id="P2 to T2" source="P2" target="T2">
<graphics/>
<inscription>
<value>1</value>
<graphics/>
</inscription>
<arcpath id="000" x="310" y="281" curvePoint="false"/>
<arcpath id="001" x="310" y="195" curvePoint="false"/>
</arc>
<arc id="P2 to T4" source="P2" target="T4">
<graphics/>
<inscription>
<value>1</value>
<graphics/>
</inscription>
<arcpath id="000" x="297" y="302" curvePoint="false"/>
<arcpath id="001" x="210" y="341" curvePoint="false"/>
</arc>
<arc id="T0 to P1" source="T0" target="P1">
<graphics/>
<inscription>
<value>1</value>
<graphics/>
</inscription>
<arcpath id="000" x="210" y="161" curvePoint="false"/>
<arcpath id="001" x="298" y="108" curvePoint="false"/>
</arc>
<arc id="T1 to P2" source="T1" target="P2">
<graphics/>
<inscription>
<value>1</value>
<graphics/>
</inscription>
<arcpath id="000" x="210" y="251" curvePoint="false"/>
<arcpath id="001" x="297" y="289" curvePoint="false"/>
</arc>
<arc id="T2 to P1" source="T2" target="P1">
<graphics/>
<inscription>
<value>1</value>
<graphics/>
</inscription>
<arcpath id="000" x="310" y="185" curvePoint="false"/>
<arcpath id="001" x="310" y="115" curvePoint="false"/>
</arc>
<arc id="T3 to P0" source="T3" target="P0">
<graphics/>
<inscription>
<value>1</value>
<graphics/>
</inscription>
<arcpath id="000" x="200" y="71" curvePoint="false"/>
<arcpath id="001" x="124" y="193" curvePoint="false"/>
</arc>
<arc id="T4 to P0" source="T4" target="P0">
<graphics/>
<inscription>
<value>1</value>
<graphics/>
</inscription>
<arcpath id="000" x="200" y="341" curvePoint="false"/>
<arcpath id="001" x="123" y="218" curvePoint="false"/>
</arc>
</net>
</pnml>
