<?xml version="1.0" encoding="iso-8859-1"?>
<pnml>
<net id="Net-One" type="P/T net">
<token id="Default" enabled="true" red="0" green="0" blue="0"/>
<place id="P0">
<graphics>
<position x="135.0" y="75.0"/>
</graphics>
<name>
<value>P1</value>
<graphics/>
</name>
<initialMarking>
<value>1</value>
<graphics/>
</initialMarking>
</place>
<place id="P1">
<graphics>
<position x="330.0" y="75.0"/>
</graphics>
<name>
<value>P2</value>
<graphics/>
</name>
<initialMarking>
<value>1</value>
<graphics/>
</initialMarking>
</place>
<place id="P2">
<graphics>
<position x="135.0" y="195.0"/>
</graphics>
<name>
<value>P3</value>
<graphics/>
</name>
<initialMarking>
<value>1</value>
<graphics/>
</initialMarking>
</place>
<place id="P3">
<graphics>
<position x="330.0" y="195.0"/>
</graphics>
<name>
<value>P4</value>
<graphics/>
</name>
<initialMarking>
<value>0</value>
<graphics/>
</initialMarking>
</place>
<place id="P4">
<graphics>
<position x="330.0" y="315.0"/>
</graphics>
<name>
<value>P5</value>
<graphics/>
</name>
<initialMarking>
<value>1</value>
<graphics/>
</initialMarking>
</place>
<transition id="T0">
<graphics>
<position x="135.0" y="135.0"/>
</graphics>
<name>
<value>T1</value>
<graphics/>
</name>
<orientation>
<value>90</value>
</orientation>
<rate>
<value>1.0</value>
</rate>
<timed>
<value>false</value>
</timed>
</transition>
<transition id="T1">
<graphics>
<position x="330.0" y="135.0"/>
</graphics>
<name>
<value>T2</value>
<graphics/>
</name>
<orientation>
<value>90</value>
</orientation>
<rate>
<value>2.0</value>
</rate>
<timed>
<value>false</value>
</timed>
</transition>
<transition id="T2">
<graphics>
<position x="330.0" y="255.0"/>
</graphics>
<name>
<value>T3</value>
<graphics/>
</name>
<orientation>
<value>90</value>
</orientation>
<rate>
<value>3.0</value>
</rate>
<timed>
<value>false</value>
</timed>
</transition>
<transition id="T3">
<graphics>
<position x="405.0" y="195.0"/>
</graphics>
<name>
<value>T4</value>
<graphics/>
</name>
<orientation>
<value>90</value>
</orientation>
<rate>
<value>4.0</value>
</rate>
<timed>
<value>true</value>
</timed>
</transition>
<transition id="T4">
<graphics>
<position x="135.0" y="270.0"/>
</graphics>
<name>
<value>T5</value>
<graphics/>
</name>
<orientation>
<value>90</value>
</orientation>
<rate>
<value>5.0</value>
</rate>
<timed>
<value>true</value>
</timed>
</transition>
<arc id="P0 to T0" source="P0" target="T0">
<graphics/>
<inscription>
<value>1</value>
<graphics/>
</inscription>
<arcpath id="000" x="145" y="100" curvePoint="false"/>
<arcpath id="001" x="145" y="140" curvePoint="false"/>
</arc>
<arc id="P1 to T0" source="P1" target="T0">
<graphics/>
<inscription>
<value>1</value>
<graphics/>
</inscription>
<arcpath id="000" x="326" y="90" curvePoint="false"/>
<arcpath id="001" x="160" y="146" curvePoint="false"/>
</arc>
<arc id="P1 to T1" source="P1" target="T1">
<graphics/>
<inscription>
<value>1</value>
<graphics/>
</inscription>
<arcpath id="000" x="340" y="100" curvePoint="false"/>
<arcpath id="001" x="340" y="140" curvePoint="false"/>
</arc>
<arc id="P2 to T4" source="P2" target="T4">
<graphics/>
<inscription>
<value>1</value>
<graphics/>
</inscription>
<arcpath id="000" x="145" y="220" curvePoint="false"/>
<arcpath id="001" x="145" y="275" curvePoint="false"/>
</arc>
<arc id="P3 to T2" source="P3" target="T2">
<graphics/>
<inscription>
<value>1</value>
<graphics/>
</inscription>
<arcpath id="000" x="340" y="220" curvePoint="false"/>
<arcpath id="001" x="340" y="260" curvePoint="false"/>
</arc>
<arc id="P4 to T3" source="P4" target="T3">
<graphics/>
<inscription>
<value>1</value>
<graphics/>
</inscription>
<arcpath id="000" x="349" y="313" curvePoint="false"/>
<arcpath id="001" x="415" y="210" curvePoint="false"/>
</arc>
<arc id="T0 to P2" source="T0" target="P2">
<graphics/>
<inscription>
<value>1</value>
<graphics/>
</inscription>
<arcpath id="000" x="145" y="150" curvePoint="false"/>
<arcpath id="001" x="145" y="191" curvePoint="false"/>
</arc>
<arc id="T1 to P3" source="T1" target="P3">
<graphics/>
<inscription>
<value>1</value>
<graphics/>
</inscription>
<arcpath id="000" x="340" y="150" curvePoint="false"/>
<arcpath id="001" x="340" y="191" curvePoint="false"/>
</arc>
<arc id="T2 to P4" source="T2" target="P4">
<graphics/>
<inscription>
<value>1</value>
<graphics/>
</inscription>
<arcpath id="000" x="340" y="270" curvePoint="false"/>
<arcpath id="001" x="340" y="311" curvePoint="false"/>
</arc>
<arc id="T3 to P1" source="T3" target="P1">
<graphics/>
<inscription>
<value>1</value>
<graphics/>
</inscription>
<arcpath id="000" x="415" y="200" curvePoint="false"/>
<arcpath id="001" x="349" y="98" curvePoint="false"/>
</arc>
<arc id="T4 to P0" source="T4" target="P0">
<graphics/>
<inscription>
<value>1</value>
<graphics/>
</inscription>
<arcpath id="000" x="145" y="285" curvePoint="false"/>
<arcpath id="001" x="146" y="341" curvePoint="false"/>
<arcpath id="002" x="86" y="341" curvePoint="false"/>
<arcpath id="003" x="86" y="86" curvePoint="false"/>
<arcpath id="004" x="131" y="86" curvePoint="false"/>
</arc>
<arc id="T4 to P4" source="T4" target="P4">
<graphics/>
<inscription>
<value>1</value>
<graphics/>
</inscription>
<arcpath id="000" x="160" y="281" curvePoint="false"/>
<arcpath id="001" x="326" y="322" curvePoint="false"/>
</arc>
</net>
</pnml>
